drop schema if exists ferromart;
drop user if exists usuario_prueba;
CREATE SCHEMA ferromart;

/*Se crea un usuario para la base de datos llamado "usuario_prueba" y tiene la contraseña "Usuario_Clave."*/
create user 'usuario_prueba'@'%' identified by 'Usuar1o_Clave.';

/*Se asignan los prvilegios sobr ela base de datos TechShop al usuario creado */
grant all privileges on ferromart.* to 'usuario_prueba'@'%';
flush privileges;

/* la tabla de categoria contiene categorias de productos*/
create table ferromart.categoria (
  id_categoria INT NOT NULL AUTO_INCREMENT,
  descripcion VARCHAR(30) NOT NULL,
  ruta_imagen varchar(1024),
  activo bool,
  PRIMARY KEY (id_categoria))
ENGINE = InnoDB
DEFAULT CHARACTER SET = utf8mb4;

create table ferromart.producto (
  id_producto INT NOT NULL AUTO_INCREMENT,
  id_categoria INT NOT NULL,
  descripcion VARCHAR(3000) NOT NULL,  
  detalle VARCHAR(1600) NOT NULL, 
  precio double,
  existencias int,  
  ruta_imagen varchar(1024),
  activo bool,
  PRIMARY KEY (id_producto),
  foreign key fk_producto_caregoria (id_categoria) references categoria(id_categoria)  
)
ENGINE = InnoDB
DEFAULT CHARACTER SET = utf8mb4;

/*Se crea la tabla de clientes llamada cliente... igual que la clase Cliente */
CREATE TABLE ferromart.usuario (
  id_usuario INT NOT NULL AUTO_INCREMENT,
  username varchar(20) NOT NULL,
  password varchar(512) NOT NULL,
  nombre VARCHAR(20) NOT NULL,
  apellidos VARCHAR(30) NOT NULL,
  correo VARCHAR(25) NULL,
  ruta_imagen varchar(1024),
  activo boolean,
  PRIMARY KEY (`id_usuario`))
ENGINE = InnoDB
DEFAULT CHARACTER SET = utf8mb4;

create table ferromart.factura (
  id_factura INT NOT NULL AUTO_INCREMENT,
  id_usuario INT NOT NULL,
  fecha date,  
  total double,
  estado int,
  PRIMARY KEY (id_factura),
  foreign key fk_factura_usuario (id_usuario) references usuario(id_usuario)  
)
ENGINE = InnoDB
DEFAULT CHARACTER SET = utf8mb4;

create table ferromart.venta (
  id_venta INT NOT NULL AUTO_INCREMENT,
  id_factura INT NOT NULL,
  id_producto INT NOT NULL,
  precio double, 
  cantidad int,
  PRIMARY KEY (id_venta),
  foreign key fk_ventas_factura (id_factura) references factura(id_factura),
  foreign key fk_ventas_producto (id_producto) references producto(id_producto) 
)
ENGINE = InnoDB
DEFAULT CHARACTER SET = utf8mb4;

/*Se insertan 3 registros en la tabla cliente como ejemplo */
INSERT INTO ferromart.usuario (id_usuario, username,password,nombre, apellidos, correo, ruta_imagen,activo) VALUES 
(1,'RedHood','$2a$10$P1.w58XvnaYQUQgZUCk4aO/RTRl8EValluCqB3S2VMLTbRt.tlre.','Jason', 'Todd',    'jtodd@gmail.com',  'https://upload.wikimedia.org/wikipedia/commons/thumb/f/f9/Leonardo_DiCaprio.jpeg/220px-Leonardo_DiCaprio.jpeg',true),
(2,'Paola2808','$2a$10$GkEj.ZzmQa/aEfDmtLIh3udIH5fMphx/35d0EYeqZL5uzgCJ0lQRi','Paola',  'Gonzalez Mora', 'pgmora2808@gmail.com', 'https://i.pinimg.com/236x/b2/a5/1a/b2a51a10f1b5286ceda19475481a5145.jpg',true),
(3,'Wardaddy','$2a$10$koGR7eS22Pv5KdaVJKDcge04ZB53iMiw76.UjHPY.XyVYlYqXnPbO','Andrew', 'Chavarria Araya',     'jchavarria1@gmail.com',  'https://live.screendollars.com/wp-content/uploads/2021/10/Tom-Cruise-scaled.webp',true);

/*Se insertan 3 categorias de productos como ejemplo */
INSERT INTO ferromart.categoria (id_categoria,descripcion,ruta_imagen,activo) VALUES 
('1','Herramientas', 'https://images.hola.com/imagenes/decoracion/20200717172227/herramientas-basicas-bricolaje-casa-mc/0-847-953/herramientas-basicas-4-a.jpg?tx=w_360',   true), 
('2','Electronica',  'https://ecoseg1.files.wordpress.com/2015/03/salud-y-seguridad-ocupacional.png',   true),
('3','Hogar','https://cdn.homedepot.com.mx/especiales/shop_the_look/2023/210/Main210.jpg',true),
('4','Celulares','https://cdn.homedepot.com.mx/productos/158988/158988-d.jpg',    false);

/*Se insertan 4 productos por categoria */
INSERT INTO ferromart.producto (id_producto,id_categoria,descripcion,detalle,precio,existencias,ruta_imagen,activo) VALUES
(1,1,'Cortadora de pernos H.K. Porter','Loremcipit pocia suspendisse ut.',16000,14,'https://cdn.homedepot.com.mx/productos/140167/140167-d.jpg',true),
(2,1,'Destornilladores magnéticos con base KING','Qam eratisus natoque, elementum dis vulputate sociosqu integer ut ad nisl dui molestie.',38000,10,'https://images.thdstatic.com/productImages/d0fc7908-6a59-4453-9c49-66cf0774452f/svn/king-screwdriver-sets-1592-0-64_1000.jpg',true),
(3,1,'Cortadora de Azulejo + Disco de diamante y lentes Truper','Natom sociis imperdiet a, nullam ornare erat suspendisse praesent porta, euismod in augue tempus aliquet habitasse. Non accumsan nostra cras vestibulum augue facilisi auctor scelerisque suscipit, iaculis maecenas varius sollicitudin lacus netus et ultricies tincidunt, tortor curabitur tempor diam aliquet dis platea integer. Potenti aliquet erat neque vitae et sociis pretium, viverra euismod vivamus scelerisque metus est feugiat curae, parturient auctor aliquam pharetra nam congue.',18000,9,'https://http2.mlstatic.com/D_NQ_NP_739337-MLM72534102610_102023-O.webp',true),
(4,1,'Kit de llaves mecánicas Milwaukee','Elementum sagittis dictumst leo curabitur porta, pellentesque interdum mauris class augue, penatibus vulputate dignissim lobortis, risus euismod ullamcorper ultrices. Hac suspendisse id odio tempus eleifend a malesuada, conubia gravida turpis auctor eget quam eu, fusce taciti lobortis sem netus cum. Etiam lacinia non nibh taciti vulputate ut nullam, curae mollis penatibus facilisi maecenas urna aptent, metus fusce felis magna ullamcorper aenean.',25000,13,'https://www.milwaukeetool.com/es/-/media/Enhanced-Content/Hand-Tools/Mechanics-Tools/48-22-9415/48-22-9415_blockshot.png?h=307&w=450&la=es-US&hash=958FDDD5730A980317F2637189D04FB7',true),
(5,2,'Teclado español everex','Aenean senectus diam vitae curae habitant risus a et netus ante, sociis metus quisque euismod aptent etiam platea fringilla class vestibulum, dis habitasse facilisis fusce varius nam arcu blandit congue. Rutrum placerat congue etiam senectus tincidunt fringilla consequat dignissim sollicitudin, vulputate curae accumsan tempor nunc vel eros mus. Mauris donec urna ante proin duis nullam purus maecenas gravida curae iaculis, tempor quam massa cursus mollis per sodales eros diam leo.',45000,5,'https://http2.mlstatic.com/D_NQ_NP_984317-MLA43206062255_082020-O.webp',true),
(6,2,'Teclado fisico gamer','Auctor id morbi tempor litora fusce potenti, ornare integer imperdiet turpis accumsan enim, sagittis suscipit purus lacus nunc. Posuere tellus elementum imperdiet sollicitudin consequat torquent urna risus, pulvinar ac per quis egestas tristique ultricies, bibendum dignissim congue eu litora malesuada montes. Nisl arcu mi purus auctor nulla sodales torquent facilisis imperdiet, dignissim bibendum justo dictum in congue integer scelerisque sagittis, accumsan laoreet nam augue felis massa varius nostra.',57000,2,'https://psycatgames.com/magazine/party-games/gaming-trivia/feature-image_hu1c2b511a5a2ca80ffc557d83cb5157c1_380853_1200x1200_fill_q100_box_smart1.jpg',true),
(7,2,'Teclado usb compacto','Cum placerat etiam lobortis curabitur fames class facilisi hac duis, congue vulputate mus feugiat nostra imperdiet neque vehicula. Mi mollis ridiculus montes aenean sagittis vitae metus, netus massa ligula sociis magnis porttitor, torquent nisl eleifend lobortis dignissim at. Eget nostra tellus sagittis condimentum nec felis curabitur dis ad purus, montes dapibus ullamcorper cras vivamus facilisis nascetur lectus porttitor, dictum vulputate luctus pretium ligula eu posuere rhoncus molestie. Nibh platea odio at mollis est, turpis enim felis pharetra tellus placerat, facilisis praesent massa nulla. Accumsan curabitur cras mus turpis malesuada arcu aptent, volutpat praesent habitant senectus quis mollis sed, viverra nec proin nostra cubilia hendrerit.',25000,5,'https://live.staticflickr.com/7010/26783973491_3e2043edda_b.jpg',true),
(8,2,'Teclado Monitor Flex','Purus dictumst scelerisque mollis platea malesuada per vehicula lectus blandit sed, vulputate morbi imperdiet duis dapibus congue class accumsan nullam, ligula eleifend tincidunt urna mi condimentum dis posuere tellus. Sem rutrum erat mauris justo nunc odio condimentum in dictumst, cum porttitor lectus dignissim velit nulla gravida lobortis tempus vehicula, pharetra urna ullamcorper metus semper volutpat proin senectus. Aliquam donec cras ante hendrerit enim vitae nostra consequat scelerisque a habitant dictum congue ornare potenti, sodales velit litora suspendisse nullam neque pellentesque dui etiam platea imperdiet pretium luctus.',27600,2,'https://hardzone.es/app/uploads-hardzone.es/2020/10/Mejores-KVM.jpg',true),
(9,3,'Tablilla PVC blanca 8ft','Morbi egestas sociis magnis curabitur suscipit nostra blandit magna torquent convallis, enim parturient feugiat fringilla litora aliquam turpis nisl at velit, fames aenean dui viverra arcu habitasse nascetur platea ac. Lectus nibh imperdiet nascetur proin potenti nisl mattis fringilla urna consequat diam, pellentesque vulputate magnis ridiculus dignissim nec venenatis primis ut bibendum, penatibus himenaeos mus sapien magna etiam velit justo vivamus metus. Tellus volutpat hendrerit vehicula lacinia aliquam euismod lectus erat posuere, arcu nec morbi dui placerat quisque semper tempor vulputate est, turpis ac dis nostra congue odio per mattis.',15780,22,'https://images.thdstatic.com/productImages/315c62bb-2a05-44f3-96ad-c90054aed957/svn/white-decorative-wall-paneling-190360-40_600.jpg',true),
(10,3,'Puertas corredizas de PVC cafe','Rhoncus ante magna cursus consequat proin senectus ridiculus, varius maecenas tellus justo facilisi ligula eros dapibus, taciti sollicitudin vulputate vivamus lacus fusce. Lacus aptent facilisi urna volutpat vestibulum nunc sociis viverra habitasse egestas, vivamus blandit ultricies neque netus pulvinar elementum ac per iaculis, donec euismod porttitor velit diam ullamcorper congue phasellus nam. Feugiat senectus parturient tristique enim ac integer torquent rutrum imperdiet, nec dapibus nam vestibulum sodales phasellus dis egestas urna, donec interdum id dictumst mollis nostra felis euismod. Ornare proin diam lobortis enim maecenas tempus scelerisque nascetur, id quam magna fames vitae posuere luctus tempor, interdum mattis et ac sapien imperdiet ante.',15000,21,'https://cdn.homedepot.com.mx/productos/138191/138191-z.jpg',true),
(11,3,'Lámpara LED','Primis quis sollicitudin ac himenaeos dui metus ridiculus, viverra vitae erat litora mauris eget, ut nisl platea feugiat inceptos cum. Diam vitae sem nulla commodo hendrerit duis dictum, tristique senectus maecenas eu augue dignissim lectus, eros cursus felis ornare nisl primis. Tempor facilisi ad scelerisque himenaeos nec ultrices interdum praesent, tincidunt mauris morbi nostra et parturient vivamus odio viverra, eget eu fermentum conubia vestibulum sagittis feugiat. Nulla mus dis rutrum feugiat imperdiet sociosqu non augue tempor sem, arcu natoque ridiculus odio dapibus quis ligula sagittis dui.',25400,15,'https://cdn.homedepot.com.mx/productos/147444/147444-d.jpg',true),
(12,3,'Lámpara colgante','Risus tristique donec faucibus cursus dictumst vestibulum maecenas, ac scelerisque luctus purus senectus quisque pellentesque, dictum commodo accumsan himenaeos placerat suscipit. Pharetra erat cubilia sapien feugiat aenean molestie vulputate ac, lectus phasellus rutrum pretium interdum a natoque varius parturient, pulvinar condimentum praesent mollis ante nulla inceptos. Curabitur vestibulum malesuada justo non nostra nam donec dictum platea, commodo dictumst natoque bibendum leo nibh cras habitant primis, quisque augue eget ultrices pulvinar sodales odio rhoncus. Diam condimentum id pellentesque imperdiet porttitor vestibulum himenaeos iaculis, natoque ornare scelerisque nam nostra taciti tortor malesuada, sapien lacus cubilia suspendisse eros rutrum conubia.',32000,13,'https://cdn.homedepot.com.mx/productos/130186/130186-d.jpg',true)


INSERT INTO ferromart.factura (id_factura,id_usuario,fecha,total,estado) VALUES
(1,1,'2022-01-05',211560,2),
(2,2,'2022-01-07',554340,2),
(3,3,'2022-01-07',871000,2),
(4,1,'2022-01-15',244140,1),
(5,2,'2022-01-17',414800,1),
(6,3,'2022-01-21',420000,1);

INSERT INTO ferromart.venta (id_venta,id_factura,id_producto,precio,cantidad) values
(1,1,5,45000,3),
(2,1,9,15780,2),
(3,1,10,15000,3),
(4,2,5,45000,1),
(5,2,14,154000,3),
(6,2,9,15780,3),
(7,3,14,154000,1),
(8,3,6,57000,1),
(9,3,15,330000,2),
(10,1,6,57000,2),
(11,1,8,27600,3),
(12,1,9,15780,3),
(13,2,8,27600,3),
(14,2,14,154000,2),
(15,2,3,24000,1),
(16,3,15,330000,1),
(17,3,12,45000,1),
(18,3,10,15000,3);

create table ferromart.rol (
  id_rol INT NOT NULL AUTO_INCREMENT,
  nombre varchar(20),
  id_usuario int,
  PRIMARY KEY (id_rol),
  foreign key fk_rol_usuario (id_usuario) references usuario(id_usuario)
)
ENGINE = InnoDB
DEFAULT CHARACTER SET = utf8mb4;

insert into ferromart.rol (id_rol, nombre, id_usuario) values
 (1,'ROLE_ADMIN',1), (2,'ROLE_VENDEDOR',1), (3,'ROLE_USER',1),
 (4,'ROLE_VENDEDOR',2), (5,'ROLE_USER',2),
 (6,'ROLE_USER',3);